ref,event_type,start_date,end_date,category,activity_type,implementing_partner_type,latitude,longitude,total_beneficiaries,beneficiary_type1,amount_disbursed,sector_code,sector_group,description
TIM18_010,qip,2018-02-22,28.06.18,Confidence building in mission,"Sensitization, advocacy & outreach",Community-based organisation,22.403509,-3.584409,80,Rural communities,28227.82,,,
TIM18_011,qip,2018-02-02,15.11.18,Confidence building in mission,"Sensitization, advocacy & outreach",Community-based organisation,22.403509,-3.584409,200,Women,37222.05,,,
TIM18_012,qip,2018-05-23,01.03.19,Confidence building in mission,"Sensitization, advocacy & outreach",Community-based organisation,17.391567,3.094826,180,Rural communities,47427,,,
TIM18_013,qip,2018-05-23,01.03.19,Confidence building in mission,"Sensitization, advocacy & outreach",Community-based organisation,17.11232,2.283076,180,Rural communities,47427,,,
TIM18_014,qip,2018-05-23,01.03.19,Confidence building in mission,"Sensitization, advocacy & outreach",Mission component,20.013609,-3.579294,1000,Rural communities,48326.23,,,
TIM18_015,qip,2018-05-23,27.05.19,Confidence building in mission,"Sensitization, advocacy & outreach",Community-based organisation,16.133889,-3.666667,100,Women,38834.29,,,
TIM18_016,qip,2018-06-19,30.05.19,Public services & civil administration,Infrastructure & equipment,Local government,16.2121,-4.3505,13100,Rural communities,43833.8,,,
TIM18_017,qip,2018-06-20,04.03.19,Public services & civil administration,Infrastructure & equipment,Local government,16.455972,3.000922,22,Local civilian authorities,18659.1,,,
TIM18_018,qip,2018-08-15,21.05.19,Public services & civil administration,Infrastructure & equipment,Local government,22.780308,-3.980228,30,Local civilian authorities,25446.67,,,
TIM18_019,qip,2018-06-13,30.05.19,Public services & civil administration,Infrastructure & equipment,Local government,16.2,-4.58,12000,Rural communities,42023.37,,,
TIM18_021,qip,2018-06-07,31.07.19,Public services & civil administration,Infrastructure & equipment,Local government,16.461881,3.003279,115,Children (0-17),43868.73,,,
TIM18_022,qip,2018-06-08,04.03.19,Protection of civilians & conflict prevention,Training/workshops,Community-based organisation,16.460872,3.004799,500,Youth (18-29),27049.93,,,
TIM18_025,qip,2018-06-18,31.07.19,Public services & civil administration,Infrastructure & equipment,Local government,16.250334,3.395349,392,Youth (18-29),37932.43,,,
TIM18_026,qip,2018-07-31,09.04.19,Public services & civil administration,Infrastructure & equipment,Community-based organisation,16.878223,-1.921996,1400,Rural communities,39998.99,,,
BKO18_001,qip,2017-08-11,28.02.18,Public services & civil administration,Infrastructure & equipment,Local government,12.574969,-7.562901,630,Local civilian authorities,48914.66,,,
BKO18_002,qip,2017-08-21,23.02.18,Public services & civil administration,Infrastructure & equipment,Local government,12.350019,-7.562901,412,Local civilian authorities,50000,,,
BKO18_003,qip,2017-08-03,14.03.18,Protection of civilians & conflict prevention,Training/workshops,Mission component,14.184,-7.998596,399,Local civilian authorities,50000,,,
BKO18_004,qip,2018-04-26,10.12.18,Public services & civil administration,Infrastructure & equipment,Local government,12.315588,-7.560817,500,Urban populations,47923.98,,,
BKO18_005,qip,2018-02-23,09.08.18,Confidence building in mission,Training/workshops,Local government,12.638707,-7.998596,100,Women,46651.69,,,
BKO18_006,qip,2018-04-19,17.12.18,Public services & civil administration,Infrastructure & equipment,Local government,12.315588,-7.560817,80300,Urban populations,45990.08,,,
BKO18_007,qip,2018-05-31,06.12.18,Rule of Law,Infrastructure & equipment,Local government,12.63695,-7.9968,61,Security forces,23830.11,,,
BKO18_008,qip,2018-04-17,18.01.19,Public services & civil administration,Infrastructure & equipment,Local government,15.34634,-7.45891,855,Urban populations,48648.93,,,
BKO18_009,qip,2018-04-19,04.03.19,Confidence building in mission,Training/workshops,Local government,12.638707,-7.998596,150,Local civil society,48743.94,,,
BKO18_010,qip,2018-04-12,05.12.18,Confidence building in mission,Training/workshops,Local government,12.638707,-7.998596,60,Urban populations,36436.54,,,
BKO18_011,qip,2018-04-18,07.01.19,Public services & civil administration,Infrastructure & equipment,Local government,12.638707,-7.998596,72,Local civilian authorities,49400.2,,,
BKO18_012,qip,2018-04-10,26.07.18,Confidence building in mission,"Sensitization, advocacy & outreach",Local government,12.638707,-7.998596,80,Youth (18-29),49319.97,,,
BKO18_013,qip,2018-04-18,18.01.19,Public services & civil administration,Infrastructure & equipment,Local government,12.667239,-8.042783,1642,Children (0-17),49540.03,,,
BKO18_014,qip,2018-04-19,06.03.19,Protection of civilians & conflict prevention,Training/workshops,Community-based organisation,12.73999,-8.06273,2000,Rural communities,49682.15,,,
MEN18_001,qip,2018-01-05,21.09.18,Public services & civil administration,Infrastructure & equipment,Community-based organisation,15.55552,2.24792,95,Youth (18-29),50000,,,
MEN18_002,qip,2018-01-12,21.09.18,Public services & civil administration,Infrastructure & equipment,Community-based organisation,15.91546,2.3962,95,Youth (18-29),30716.12,,,
TIM18_020,qip,2018-08-17,30.05.19,Confidence building in mission,"Sensitization, advocacy & outreach",Local government,15.430639,-4.540485,60226,Rural communities,41206.27,,,
BKO17_001,qip,2017-09-15,15.11.17,Early recovery,Training/workshops,Local government,12.639222,-8.002554,,Local civilian authorities,47936.95,,,
BKO17_002,qip,2017-09-15,15.11.17,Early recovery,Training/workshops,Local government,12.639222,-8.002554,,Local civilian authorities,47775.11,,,
BKO17_003,qip,2017-09-18,18.01.18,Public services & civil administration,Infrastructure & equipment,Local government,12.634931,-8.010413,1601,Children (0-17),47369.09,,,
BKO17_004,qip,2017-01-06,06.04.17,Public services & civil administration,Infrastructure & equipment,Community-based organisation,12.634931,-8.010413,1500,Children (0-17),48490.55,,,
BKO17_005,qip,2018-05-01,01.09.18,Rule of Law,Infrastructure & equipment,Local NGO,12.634931,-8.010413,18,Security forces,23568.5,,,
BKO17_006,qip,2017-12-21,21.05.18,Protection of civilians & conflict prevention,"Sensitization, advocacy & outreach",International NGO,12.639222,-8.002554,1000,Urban populations,38176.72,,,
BKO17_007,qip,2017-09-11,11.01.18,Rule of Law,Infrastructure & equipment,Security Forces,12.601477,-7.96437,1300,Security forces,45430.13,,,
BKO17_008,qip,2017-10-05,05.11.17,Protection of civilians & conflict prevention,Infrastructure & equipment,Local government,12.629952,-8.028162,30,Local civilian authorities,28617.09,,,
BKO17_009,qip,2017-09-28,28.11.17,Public services & civil administration,Infrastructure & equipment,Local NGO,12.744886,-8.074402,4800,Rural communities,48781.34,,,
BKO17_010,qip,2017-10-25,25.12.17,Political & economic inclusivity,"Sensitization, advocacy & outreach",Local NGO,12.639222,-8.002554,700,Local civilian authorities,45770.99,,,
BKO17_011,qip,2017-05-10,10.11.17,Rule of Law,Infrastructure & equipment,Local NGO,12.639222,-8.002554,12,Local civilian authorities,49414.34,,,
BKO17_012,qip,2017-06-10,10.08.17,Public services & civil administration,Infrastructure & equipment,Local government,12.601477,-7.96437,34,Local civilian authorities,37033.25,,,
BKO17_013,qip,2018-01-24,24.05.18,Rule of Law,Infrastructure & equipment,Security Forces,12.601477,-7.96437,1300,Security forces,49312.87,,,
BKO17_014,qip,2018-01-25,25.03.18,Rule of Law,Training/workshops,Security Forces,12.639222,-8.002554,622,Security forces,46145.73,,,
BKO17_015,qip,2017-03-10,10.06.17,Public services & civil administration,"Sensitization, advocacy & outreach",Local government,12.629952,-8.028162,5000,Urban populations,40522.44,,,
BKO17_016,qip,2017-11-28,28.02.18,Public services & civil administration,Infrastructure & equipment,Community-based organisation,12.634931,-8.010413,1500,Children (0-17),49055.85,,,
BKO17_017,qip,2017-09-26,26.11.17,Early recovery,Infrastructure & equipment,Local government,13.905265,-4.555448,500,Children (0-17),8067.86,,,
BKO17_018,qip,,,Public services & civil administration,Training/workshops,Local government,12.639222,-8.002554,630,Local civilian authorities,48725.54,,,
BKO17_019,qip,,,Rule of Law,Training/workshops,Security Forces,12.639222,-8.002554,412,Security forces,50490.36,,,
BKO17_020,qip,,,Rule of Law,Training/workshops,Security Forces,12.639222,-8.002554,400,Security forces,49950.72,,,
GAO17_001,qip,2017-09-21,21.11.17,Protection of civilians & conflict prevention,Training/workshops,Community-based organisation,16.264567,-0.028208,500,Rural communities,25242.52,,,
GAO17_002,qip,2018-04-16,16.07.18,Rule of Law,Infrastructure & equipment,Security Forces,16.264567,-0.028208,10,Security forces,24595.61,,,
GAO17_003,qip,2018-06-29,29.09.18,Rule of Law,Infrastructure & equipment,Security Forces,15.915704,2.394999,120,Security forces,48892.83,,,
GAO17_004,qip,2018-02-07,07.05.18,Rule of Law,Infrastructure & equipment,Security Forces,15.673162,0.505414,60,Security forces,36365.33,,,
GAO17_005,qip,2018-04-09,09.08.18,Public services & civil administration,Infrastructure & equipment,Local NGO,16.264567,-0.028208,118,Children (0-17),48282.46,,,
GAO17_006,qip,2018-04-09,09.07.18,Rule of Law,Infrastructure & equipment,Security Forces,15.673162,0.505414,20,Security forces,44103.53,,,
GAO17_007,qip,2018-06-29,29.09.18,Early recovery,Infrastructure & equipment,International NGO,16.264567,-0.028208,3000,Local civil society,39947.94,,,
GAO17_008,qip,2017-05-22,22.11.17,Political & economic inclusivity,Infrastructure & equipment,Community-based organisation,16.216952,-0.037493,30,Women,44469.3,,,
GAO17_009,qip,2018-10-22,22.03.19,Rule of Law,Infrastructure & equipment,Local government,15.673162,0.505414,60,Security forces,51822.56,,,
GAO17_010,qip,2017-05-22,22.11.17,Political & economic inclusivity,"Sensitization, advocacy & outreach",Local NGO,16.264567,-0.028208,140,Local civil society,35247.61,,,
GAO17_011,qip,2018-10-15,15.03.19,Public services & civil administration,Infrastructure & equipment,Community-based organisation,15.915704,2.394999,860,Children (0-17),49634.62,,,
GAO17_012,qip,2018-06-29,29.10.18,Public services & civil administration,Infrastructure & equipment,Community-based organisation,16.956079,-0.342528,500,Children (0-17),39522.32,,,
GAO17_013,qip,2018-06-29,29.08.18,Public services & civil administration,Infrastructure & equipment,Community-based organisation,16.956079,-0.342528,500,Children (0-17),48999.09,,,
GAO17_014,qip,2018-04-09,09.07.18,Public services & civil administration,Infrastructure & equipment,Local NGO,16.319868,0.073755,250,Rural communities,38852.66,,,
GAO17_015,qip,2018-01-10,10.04.18,Political & economic inclusivity,"Sensitization, advocacy & outreach",Community-based organisation,15.673162,0.505414,34,Rural communities,45415.88,,,
GAO17_016,qip,2018-08-10,10.12.18,Rule of Law,Infrastructure & equipment,Community-based organisation,16.264567,-0.028208,1452,Youth (18-29),40099.3,,,
GAO17_017,qip,2018-02-07,07.08.18,Public services & civil administration,Infrastructure & equipment,Local NGO,15.915704,2.394999,504,Children (0-17),45256.7,,,
GAO17_018,qip,2018-12-06,06.06.19,Public services & civil administration,Infrastructure & equipment,Local NGO,16.192023,-0.032142,150,Children (0-17),48660.98,,,
GAO17_019,qip,2018-06-07,07.12.18,Early recovery,Infrastructure & equipment,Community-based organisation,15.11837,0.663128,16,Rural communities,50148.38,,,
GAO17_020,qip,2018-04-26,26.10.18,Early recovery,Infrastructure & equipment,Community-based organisation,16.346394,0.306664,64,Youth (18-29),49516.34,,,
GAO17_021,qip,2018-02-22,22.08.18,Early recovery,Infrastructure & equipment,Community-based organisation,16.216952,-0.037493,22,Rural communities,37804.54,,,
GAO17_022,qip,2018-09-04,04.03.19,Political & economic inclusivity,Infrastructure & equipment,Community-based organisation,16.264567,-0.028208,8,Local civil society,48707.97,,,
GAO17_023,qip,2018-04-09,09.07.18,Early recovery,"Sensitization, advocacy & outreach",Local NGO,15.915704,2.394999,350,Rural communities,51522.36,,,
GAO17_024,qip,2018-11-10,10.01.19,Public services & civil administration,Infrastructure & equipment,Local NGO,16.673457,1.7152,120,Children (0-17),50232.95,,,
KID17_001,qip,2018-08-15,15.11.18,Political & economic inclusivity,Infrastructure & equipment,Community-based organisation,18.452144,1.409682,54,Women,24201.53,,,
KID17_002,qip,2018-06-18,18.10.18,Political & economic inclusivity,Training/workshops,Community-based organisation,18.452144,1.409682,180,Urban populations,31772.15,,,
KID17_003,qip,2018-11-28,28.01.19,Political & economic inclusivity,Infrastructure & equipment,Community-based organisation,18.452144,1.409682,200,Women,27624.7,,,
KID17_004,qip,2018-06-29,29.12.18,Political & economic inclusivity,Training/workshops,Community-based organisation,18.452144,1.409682,260,Women,28119.65,,,
KID17_005,qip,2018-11-10,10.01.19,Political & economic inclusivity,Training/workshops,Community-based organisation,18.452144,1.409682,460,Women,29179.81,,,
KID17_006,qip,2018-05-23,23.11.18,Public services & civil administration,Infrastructure & equipment,Community-based organisation,18.452144,1.409682,3000,Urban populations,21734.24,,,
KID17_007,qip,2017-01-05,05.07.17,Protection of civilians & conflict prevention,"Sensitization, advocacy & outreach",Local NGO,18.452144,1.409682,200,Women,28092.35,,,
KID17_008,qip,2018-05-09,09.08.18,Political & economic inclusivity,Other,Community-based organisation,18.452144,1.409682,150,Women,32804.06,,,
KID17_009,qip,2017-05-26,26.07.17,Public services & civil administration,Infrastructure & equipment,Local NGO,18.452144,1.409682,7674,Local civil society,46591.82,,,
KID17_010,qip,2017-10-31,31.12.17,Public services & civil administration,Infrastructure & equipment,Local NGO,18.452144,1.409682,1906,Local civil society,45449.13,,,
KID17_011,qip,2018-04-16,16.07.18,Political & economic inclusivity,"Sensitization, advocacy & outreach",Community-based organisation,18.452144,1.409682,450,Rural communities,33421.25,,,
KID17_012,qip,2017-07-18,18.12.17,Political & economic inclusivity,Training/workshops,Local NGO,18.516888,3.082427,20,Children (0-17),48269.48,,,
KID17_013,qip,2018-06-02,02.10.18,Public services & civil administration,Infrastructure & equipment,Local NGO,18.452144,1.409682,3000,Rural communities,33677.48,,,
KID17_014,qip,2018-01-06,06.06.18,Political & economic inclusivity,Training/workshops,Local NGO,18.444567,1.408039,20,Youth (18-29),44851.23,,,
KID17_015,qip,2018-02-16,16.05.18,Political & economic inclusivity,Infrastructure & equipment,Local NGO,18.444567,1.408039,90,Urban populations,41184.45,,,
KID17_016,qip,2018-05-23,23.08.18,Public services & civil administration,Infrastructure & equipment,Local NGO,18.452144,1.409682,290,Urban populations,42004.92,,,
KID17_017,qip,2017-11-29,29.03.18,Public services & civil administration,Infrastructure & equipment,Community-based organisation,18.452144,1.409682,600,Urban populations,33945.35,,,
KID17_018,qip,2017-12-22,22.04.18,Public services & civil administration,Infrastructure & equipment,Local NGO,18.452144,1.409682,500,Rural communities,32114.59,,,
KID17_019,qip,2018-06-29,29.12.18,Confidence building in mission,"Sensitization, advocacy & outreach",Mission component,18.452144,1.409682,1000,Rural communities,26823.47,,,
KID17_020,qip,,,Public services & civil administration,Infrastructure & equipment,,19.464002,0.857652,600,Rural communities,32242.15,,,
KID17_021,qip,2018-06-28,28.10.18,Public services & civil administration,Infrastructure & equipment,,19.464002,0.857652,0,Security forces,43544.99,,,
MOP17_001,qip,2017-09-15,15.12.17,Public services & civil administration,Infrastructure & equipment,Local government,14.166488,-7.350706,5672,Security forces,36585.63,,,
MOP17_002,qip,2017-06-29,29.09.17,Rule of Law,Infrastructure & equipment,Security Forces,14.82528,-5.25139,20,Security forces,29947.43,,,
MOP17_003,qip,2018-05-11,11.08.18,Public services & civil administration,Infrastructure & equipment,Local government,14.82528,-5.25139,30,Rural communities,37007.78,,,
MOP17_004,qip,,,Public services & civil administration,Infrastructure & equipment,Local government,14.429599,-4.515533,4486,Rural communities,33600.71,,,
MOP17_005,qip,2017-02-11,11.05.17,Public services & civil administration,Infrastructure & equipment,Local NGO,14.486878,-4.200903,300,Women,40326.96,,,
MOP17_006,qip,2018-04-09,09.07.18,Rule of Law,Infrastructure & equipment,Security Forces,14.486878,-4.200903,22,Women,42535.71,,,
MOP17_007,qip,2018-04-26,26.08.18,Rule of Law,Infrastructure & equipment,Security Forces,14.459229,-4.915352,22,Security forces,40165.76,,,
MOP17_008,qip,2017-09-15,15.12.17,Political & economic inclusivity,Infrastructure & equipment,Local government,13.905826,-4.55534,5000,Local civil society,41340.36,,,
MOP17_009,qip,2018-03-01,01.06.18,Public services & civil administration,Infrastructure & equipment,Local NGO,17.035897,-1.403997,13016,Rural communities,24656.17,,,
MOP17_010,qip,2018-04-05,05.07.18,Early recovery,Infrastructure & equipment,Local government,14.14648,-3.594403,1090,Rural communities,32797.34,,,
MOP17_011,qip,2017-02-06,06.07.17,Rule of Law,Infrastructure & equipment,Local NGO,12.480031,-6.177621,400,Local civil society,45133.45,,,
MOP17_012,qip,2018-05-11,11.11.18,Political & economic inclusivity,Infrastructure & equipment,Community-based organisation,14.075397,-3.083854,124,Women,43602.92,,,
MOP17_013,qip,2018-03-04,04.06.18,Public services & civil administration,Infrastructure & equipment,Local government,14.615022,-4.062192,6,Local civilian authorities,51990.13,,,
MOP17_014,qip,2018-04-20,20.07.18,Rule of Law,Infrastructure & equipment,Security Forces,14.349193,-3.610157,30,Security forces,46997.68,,,
MOP17_015,qip,2018-05-28,28.08.18,Rule of Law,Infrastructure & equipment,Security Forces,14.859911,-2.26457,26,Security forces,37936.38,,,
MOP17_016,qip,2018-09-04,04.12.18,Rule of Law,Infrastructure & equipment,Security Forces,15.174658,-2.394434,20,Security forces,49693.66,,,
MOP17_017,qip,2018-02-07,07.04.18,Protection of civilians & conflict prevention,Training/workshops,Community-based organisation,14.486878,-4.200903,100,Local civil society,15531.06,,,
MOP17_018,qip,2018-11-27,27.03.19,Public services & civil administration,Infrastructure & equipment,Local government,14.486878,-4.200903,100,Local civilian authorities,43354.27,,,
MOP17_019,qip,,,Public services & civil administration,Infrastructure & equipment,Local government,14.486878,-4.200903,100,Local civilian authorities,39920.64,,,
MOP17_020,qip,2017-07-17,17.10.17,Public services & civil administration,Infrastructure & equipment,Local government,15.353469,-4.062973,1200,Rural communities,39856.79,,,
MOP17_021,qip,,,Public services & civil administration,Infrastructure & equipment,Community-based organisation,14.273865,-3.220842,612,Children (0-17),47615.1,,,
MOP17_22,qip,,,Public services & civil administration,Infrastructure & equipment,Local government,15.396213,-10.653396,16840,Local civil society,43588.12,,,
MOP17_23,qip,,,Public services & civil administration,Infrastructure & equipment,Local government,14.486878,-4.200903,0,Local civil society,35431.19,,,
TIM17_001,qip,2017-01-11,11.07.17,Public services & civil administration,Infrastructure & equipment,Local government,22.67636,-3.979156,48,Local civilian authorities,38197.97,,,
TIM17_002,qip,2018-09-02,02.12.18,Public services & civil administration,Infrastructure & equipment,Local government,16.766451,-3.003087,3000,Local civil society,27617.46,,,
TIM17_003,qip,2018-01-18,18.03.18,Political & economic inclusivity,Training/workshops,Local government,16.766451,-3.003087,40,Women,18430.32,,,
TIM17_004,qip,2017-10-31,31.01.18,Public services & civil administration,Infrastructure & equipment,Local NGO,16.766451,-3.003087,16,Local civilian authorities,48343.45,,,
TIM17_005,qip,2017-11-12,12.01.18,Public services & civil administration,Infrastructure & equipment,Local NGO,16.766451,-3.003087,48,Local civil society,39816.21,,,
TIM17_006,qip,2017-11-15,15.01.18,Public services & civil administration,Infrastructure & equipment,Local NGO,16.417567,-3.664834,90,Local civil society,34839.18,,,
TIM17_007,qip,2017-11-15,15.01.18,Public services & civil administration,Infrastructure & equipment,Local NGO,15.930266,-3.995923,106,Local civil society,44793.23,,,
TIM17_008,qip,2018-01-31,31.03.18,Public services & civil administration,Infrastructure & equipment,Local NGO,16.834726,-2.531945,8000,Rural communities,37225.35,,,
TIM17_009,qip,2018-03-05,05.09.18,Political & economic inclusivity,Infrastructure & equipment,Community-based organisation,16.766451,-3.003087,66,Women,42844,,,
TIM17_010,qip,2018-04-24,24.08.18,Political & economic inclusivity,Training/workshops,Local NGO,16.834726,-2.531945,100,Women,45737.87,,,
TIM17_011,qip,2017-12-22,22.06.18,Early recovery,Infrastructure & equipment,Local NGO,16.466663,-4.170409,1076,Rural communities,37059.33,,,
TIM17_012,qip,2018-10-04,04.12.18,Rule of Law,Infrastructure & equipment,Security Forces,16.766451,-3.003087,76,Security forces,40517.91,,,
TIM17_013,qip,2018-10-04,04.12.18,Rule of Law,Infrastructure & equipment,Security Forces,16.766451,-3.003087,16,Security forces,35425.39,,,
TIM17_014,qip,2018-04-13,13.07.18,Political & economic inclusivity,Infrastructure & equipment,Community-based organisation,15.718574,-4.90194,180,Youth (18-29),35862.02,,,
TIM17_015,qip,2018-09-06,06.12.18,Early recovery,Infrastructure & equipment,Local NGO,16.417515,-3.664731,1204,Rural communities,20325.67,,,
TIM17_016,qip,2018-04-13,13.07.18,Protection of civilians & conflict prevention,Infrastructure & equipment,Local NGO,16.417567,-3.664834,13400,Rural communities,43784.78,,,
TIM17_017,qip,2017-09-28,28.12.17,Political & economic inclusivity,Infrastructure & equipment,Local NGO,20.477627,-1.264353,106,Women,41460.86,,,
TIM17_018,qip,2017-11-14,14.01.18,Political & economic inclusivity,Infrastructure & equipment,Community-based organisation,22.676381,-3.979148,372,Local civil society,42484.58,,,
TIM17_019,qip,2018-04-16,16.10.18,Political & economic inclusivity,Infrastructure & equipment,Community-based organisation,16.766451,-3.003087,46,Women,26091.11,,,
TIM17_020,qip,2018-06-02,02.09.18,Public services & civil administration,Infrastructure & equipment,Community-based organisation,20.477627,-1.264353,490,Children (0-17),42289.77,,,
TIM17_021,qip,2018-03-30,30.05.18,Rule of Law,Infrastructure & equipment,Security Forces,15.822493,-1.301332,50,Security forces,38191.19,,,
TIM17_022,qip,2017-10-09,09.01.18,Early recovery,Infrastructure & equipment,Local government,16.738508,-3.732047,286,Rural communities,21667.67,,,
TIM20_001,qip,2019-07-12,,Political & economic inclusivity,"Sensitization, advocacy & outreach",Community-based organisation,16.414,-3.666,62,Women,27145,,,
GAO20_002,qip,2019-09-10,,Political & economic inclusivity,Training/workshops,Community-based organisation,16.151541,-0.011,86633,Local civil society,33089.6,,,
GAO20_001,qip,2019-10-09,,Public services & civil administration,Infrastructure & equipment,Community-based organisation,16.151541,-0.011,30,Women,0,,,
TIM20_002,qip,2020-07-21,,Early recovery,Infrastructure & equipment,UNCT,16.21,4.35,1500,Local civil society,35853.08,,,
TIM20_003,qip,2019-08-02,,Public services & civil administration,Training/workshops,Community-based organisation,15.55,3.5,774,Local civilian authorities,33200,,,
TIM20_004,qip,2019-10-24,08.01.21,Other,Sport & cultural events,Local government,20.434106,2.275014,700,Local civil society,33470.07,,,
MEN20_001,qip,2019-06-26,,Other,Sport & cultural events,Community-based organisation,15.34,2.24,375,Local civilian authorities,0,,,
TIM20-005,qip,2019-10-01,,Political & economic inclusivity,Infrastructure & equipment,Community-based organisation,22.677523,-3.978326,720,Local civil society,0,,,
TIM20-006,qip,2019-10-01,,Public services & civil administration,Infrastructure & equipment,Community-based organisation,18.732621,0.273949,1162,Local civil society,0,,,
TIM20-007,qip,2019-10-01,,Public services & civil administration,Infrastructure & equipment,Community-based organisation,17.950566,0.294653,720,Local civil society,0,,,
TIM20-008,qip,2019-10-01,,Public services & civil administration,Infrastructure & equipment,Community-based organisation,15.510046,2.470683,450,Local civil society,0,,,
TIM20-009,qip,2019-10-01,,Public services & civil administration,Infrastructure & equipment,Community-based organisation,16.2,4.58,935,Children (0-17),0,,,
MOP20_011,qip,2020-02-11,,Confidence building in mission,Sport & cultural events,Local government,14.307025,0.041167,154000,Local civilian authorities,25802.43,,,
MOP20_001,qip,2020-03-01,24.11.20,Public services & civil administration,Infrastructure & equipment,Local government,14.464,-3.30849,7,Local civilian authorities,34454.51,,,
MOP20_002,qip,2020-09-18,,Public services & civil administration,Infrastructure & equipment,Local government,14.406,-3.74979,1077,Local civil society,33898.53,,,
MOP20_003,qip,2020-02-10,,Public services & civil administration,Infrastructure & equipment,Local government,14.52742,-4.09344,27000,Local civil society,32358.46,,,
MOP20_004,qip,2020-03-30,,Public services & civil administration,Infrastructure & equipment,Local government,14.4843,-4.18296,32,Local civilian authorities,37362.19,,,
MOP20_005,qip,2020-01-10,,Public services & civil administration,Infrastructure & equipment,Local government,14.01667,-4.23333,10,Security forces,35778.59,,,
MOP20_006,qip,2020-10-05,,Public services & civil administration,Infrastructure & equipment,Local government,14.1013,-3.78459,10,Security forces,35778.59,,,
MOP20_007,qip,2020-07-23,,Public services & civil administration,Infrastructure & equipment,Local government,14.0738,-3.61049,1765,Rural communities,23926.67,,,
MOP20_008,qip,2020-03-01,,Public services & civil administration,Infrastructure & equipment,Local government,14.1724,-2.92796,1423,Rural communities,41172.18,,,
MOP20_009,qip,2020-07-15,,Public services & civil administration,Infrastructure & equipment,Local government,15.0604,-2.5478,1890,Rural communities,32937.75,,,
MOP20_010,qip,2020-03-24,,Protection of civilians & conflict prevention,Conferences/seminars,Local government,14.4843,-4.18296,,Rural communities,18171.72,,,
MOP20_012,qip,2020-03-01,,Public services & civil administration,Infrastructure & equipment,Local government,14.4843,-4.18296,11,Local civilian authorities,36357.95,,,
MOP20_013,qip,2020-03-01,,Public services & civil administration,Infrastructure & equipment,Community-based organisation,14.384,-2.853,1600,Children (0-17),24219.72,,,
MOP20_014,qip,2020-03-01,,Protection of civilians & conflict prevention,"Sensitization, advocacy & outreach",Community-based organisation,13.916,-4.595,16450,Local civil society,6701.33,,,
MOP20_015,qip,2020-04-24,,Confidence building in mission,Infrastructure & equipment,Community-based organisation,14.4843,-4.18296,,Local civil society,35932.09,,,
MOP20_016,qip,2020-03-01,,Public services & civil administration,Infrastructure & equipment,Community-based organisation,,,105,Rural communities,31395.7,,,
MOP20_017,qip,2020-03-01,,Public services & civil administration,Infrastructure & equipment,Local government,14.23332,-2.97245,,Rural communities,33117.41,,,
MOP20_018,qip,2020-04-06,,Protection of civilians & conflict prevention,"Sensitization, advocacy & outreach",Local NGO,,,100,Local civil society,25786.6,,,
MOP20_019,qip,2020-05-25,,Public services & civil administration,Infrastructure & equipment,Local government,14.384,-2.853,30,Security forces,33736,,,
MOP20_020,qip,2020-09-08,,Public services & civil administration,Infrastructure & equipment,Community-based organisation,13.3848,-3.82705,950,Rural communities,30953.96,,,
MOP20_021,qip,2020-08-07,,Public services & civil administration,Infrastructure & equipment,Local government,13.65966,-3.60347,15,Security forces,12126.56,,,
MOP20_022,qip,2020-08-07,,Public services & civil administration,Infrastructure & equipment,Local government,14.064,-3.07539,25,Security forces,30574.21,,,
MOP20_023,qip,2020-03-01,,Public services & civil administration,Infrastructure & equipment,Community-based organisation,,,2200,Local civilian authorities,31100.93,,,
MOP20_024,qip,2020-08-07,,Public services & civil administration,Infrastructure & equipment,Local government,14.4843, -4.18296,125,Security forces,34474.84,,,
MOP20_025,qip,2020-10-25,,Public services & civil administration,Infrastructure & equipment,Community-based organisation,,,800,Local civil society,21479.96,,,
MOP20_026,qip,2020-03-01,,Confidence building in mission,"Sensitization, advocacy & outreach",Community-based organisation,,,87,Rural communities,29098.34,,,
MOP20_027,qip,2020-05-26,,Public services & civil administration,Infrastructure & equipment,Local NGO,14.8252,-5.2547,1317,Rural communities,33603.16,,,
MOP20_028,qip,2020-03-01,,Public services & civil administration,Infrastructure & equipment,Local NGO,14.94329,-3.89474,10234,Rural communities,32904.48,,,
MOP20_029,qip,2020-06-05,,Public services & civil administration,Infrastructure & equipment,Community-based organisation,15.2078,-2.7503,1000,Rural communities,34847.17,,,
MOP20_030,qip,2020-03-01,,Public services & civil administration,Infrastructure & equipment,Community-based organisation,,,87,Local civil society,13581,,,
MOP20_031,qip,2020-03-01,,Public services & civil administration,Infrastructure & equipment,Community-based organisation,,,7500,Rural communities,19603.87,,,
MOP20_032,qip,2020-03-01,,Public services & civil administration,Infrastructure & equipment,Local government,15.3684,-4.2628,189,Children (0-17),31201.03,,,
MOP20_033,qip,2020-03-01,,Public services & civil administration,Infrastructure & equipment,Local government,14.0203,-3.4348,316,Children (0-17),33267.28,,,
GAO20_003,qip,2020-03-01,,Public services & civil administration,Infrastructure & equipment,Local government,17.00078,-0.93826,30000,Local civil society,34349.75,,,
GAO20_004,qip,2020-03-01,,Public services & civil administration,Infrastructure & equipment,Community-based organisation,17.00078,-0.93826,8786,Rural communities,33933.9,,,
GAO20_005,qip,2020-06-05,,Confidence building in mission,Sport & cultural events,Local government,16.27167,-0.04472,100,Children (0-17),38327.56,,,
GAO20_006,qip,2020-06-16,,Public services & civil administration,Infrastructure & equipment,Community-based organisation,16.2508,-0.2058,61,Urban populations,32544.68,,,
GAO20_007,qip,2020-03-01,,Public services & civil administration,Infrastructure & equipment,Community-based organisation,16.8667,-0.3167,900,Local civil society,17160.9,,,
GAO20_008,qip,2020-03-01,,Public services & civil administration,Infrastructure & equipment,Local government,16.27167,-0.04472,30,Security forces,38136.06,,,
GAO20_009,qip,2020-03-01,,Public services & civil administration,Infrastructure & equipment,Local government,16.27167,-0.04472,62,Local civilian authorities,14652.31,,,
GAO20_010,qip,2020-09-30,,Public services & civil administration,Infrastructure & equipment,Local government,16.27167,-0.04472,180,Security forces,15517.34,,,
GAO20_011,qip,2020-07-23,,Public services & civil administration,Infrastructure & equipment,Local government,16.27167,-0.04472,60,Security forces,15239.2,,,
GAO20_012,qip,2020-10-01,,Public services & civil administration,Infrastructure & equipment,Local government,16.27167,-0.04472,900,Local civilian authorities,14652.31,,,
GAO20_013,qip,2020-09-30,,Public services & civil administration,Infrastructure & equipment,Local government,16.27167,-0.04472,180,Security forces,30599.93,,,
GAO20_014,qip,2020-07-21,,Public services & civil administration,Infrastructure & equipment,Community-based organisation,,,25,Rural communities,32538.17,,,
GAO20_015,qip,2020-03-01,,Political & economic inclusivity,"Sensitization, advocacy & outreach",Community-based organisation,16.27167,-0.04472,2600,Women,35163.54,,,
GAO20_016,qip,2020-03-01,,Public services & civil administration,Infrastructure & equipment,Community-based organisation,16.27167,-0.04472,145633,Urban populations,33267.85,,,
GAO20_017,qip,2020-03-01,,Public services & civil administration,Infrastructure & equipment,Community-based organisation,15.3177,0.7446,518,Children (0-17),34490.37,,,
GAO20_018,qip,2020-03-01,,Public services & civil administration,Infrastructure & equipment,Community-based organisation,,,252,Rural communities,25159.12,,,
GAO20_019,qip,2020-03-01,,Public services & civil administration,Infrastructure & equipment,Community-based organisation,,,52,Local civil society,29150.12,,,
GAO20_020,qip,2020-03-01,,Rule of Law,Infrastructure & equipment,Local government,15.6597,0.5022,,Local civilian authorities,37176.14,,,
GAO20_021,qip,2020-09-02,,Public services & civil administration,Sport & cultural events,Community-based organisation,16.27167,-0.04472,,Local civilian authorities,32060.74,,,
GAO20_022,qip,2020-03-01,,Public services & civil administration,Infrastructure & equipment,Local NGO,,,612,Rural communities,34141.47,,,
GAO20_023,qip,2020-09-30,,Public services & civil administration,Infrastructure & equipment,Local government,,,35,Security forces,24443.35,,,
GAO20_024,qip,2020-09-10,,Public services & civil administration,Infrastructure & equipment,Local government,15.6597,0.5022,95,Local civilian authorities,30953.38,,,
GAO20_025,qip,2020-07-25,,Protection of civilians & conflict prevention,Conferences/seminars,Local NGO,16.2508,-0.2058,155,Local civil society,34820.86,,,
KID20_001,qip,2020-07-20,,Public services & civil administration,Infrastructure & equipment,Local NGO,20.20126,1.01186,500,Local civil society,28867.04,,,
KID20_002,qip,2020-07-11,,Public services & civil administration,Infrastructure & equipment,Local NGO,20.20126,1.01186,950,Local civil society,20104.75,,,
KID20_003,qip,2020-03-01,,Public services & civil administration,Infrastructure & equipment,Local NGO,18.44111,1.40778,80,Local civil society,14159.9,,,
KID20_004,qip,2020-09-28,,Public services & civil administration,Infrastructure & equipment,Local NGO,18.44111,1.40778,53,Security forces,12414.56,,,
KID20_005,qip,2020-09-10,,Public services & civil administration,Infrastructure & equipment,Local NGO,18.04,0.60111,360,Rural communities,23000.02,,,
KID20_006,qip,2020-07-19,,Public services & civil administration,Infrastructure & equipment,Local NGO,18.426917,1.409752,750,Children (0-17),25543.72,,,
KID20_007,qip,2020-09-18,,Public services & civil administration,Infrastructure & equipment,Local NGO,18.00722,-0.53194,800,Rural communities,18497.04,,,
KID20_008,qip,2020-08-17,,Public services & civil administration,Infrastructure & equipment,Local NGO,19.46139,0.85889,600,Rural communities,17922.34,,,
KID20_009,qip,2020-09-16,,Public services & civil administration,Infrastructure & equipment,Local NGO,19.926667,0.865278,300,Rural communities,17663.76,,,
KID20_010,qip,2020-10-05,,Public services & civil administration,Infrastructure & equipment,Local NGO,19.46139,0.85889,300,Rural communities,17683.06,,,
KID20_011,qip,2020-06-26,,Public services & civil administration,Infrastructure & equipment,Local NGO,18.4389,1.4041,2500,Rural communities,16875.89,,,
KID20_012,qip,2020-07-20,,Public services & civil administration,Infrastructure & equipment,Local NGO,19.46139,0.85889,3000,Local civil society,31199.44,,,
KID20_013,qip,2020-06-17,,Public services & civil administration,Infrastructure & equipment,Local NGO,18.44111,1.40778,55,Urban populations,20924.75,,,
KID20_014,qip,2020-03-01,,Public services & civil administration,Infrastructure & equipment,Local NGO,18.44111,1.40778,900,Urban populations,17397.12,,,
KID20_015,qip,2020-07-19,,Public services & civil administration,Infrastructure & equipment,Local NGO,18.04,0.60111,500,Urban populations,29816.13,,,
KID20_016,qip,2020-03-01,,Confidence building in mission,"Sensitization, advocacy & outreach",Local NGO,,,4000,Rural communities,19296.86,,,
KID20_017,qip,2020-07-11,,Public services & civil administration,Infrastructure & equipment,Local NGO,18.44111,1.40778,800,Local civil society,30081.68,,,
KID20_018,qip,2020-06-05,,Public services & civil administration,Infrastructure & equipment,Local NGO,,,50,Women,10283.9,,,
KID20_019,qip,2020-09-10,,Public services & civil administration,Infrastructure & equipment,Local NGO,18.44111,1.40778,15,Local civil society,21302.98,,,
KID20_020,qip,2020-09-19,,Confidence building in mission,Sport & cultural events,Local NGO,18.44111,1.40778,206,Local civil society,14262.38,,,
KID20_021,qip,2020-10-05,,Public services & civil administration,Infrastructure & equipment,Local NGO,18.44111,1.40778,200,Children (0-17),12287.62,,,
TIM20_010,qip,2020-03-01,,Public services & civil administration,Infrastructure & equipment,Local NGO,22.66651,-3.98524,33,Youth (18-29),34754.31,,,
TIM20_011,qip,2020-03-25,,Public services & civil administration,Infrastructure & equipment,Local NGO,16.58343,-3.88075,1917,Rural communities,33191.87,,,
TIM20_012,qip,2020-03-01,,Public services & civil administration,Infrastructure & equipment,Local government,,,13490,Children (0-17),36145.76,,,
TIM20_013,qip,2020-03-01,,Public services & civil administration,Infrastructure & equipment,Community-based organisation,15.9322,-3.9906,25,Youth (18-29),32167.07,,,
TIM20_014,qip,2020-03-01,,Public services & civil administration,Infrastructure & equipment,Local NGO,15.9247,-5.0357,1500,Rural communities,34802.73,,,
TIM20_015,qip,2020-03-01,,Public services & civil administration,Infrastructure & equipment,Local NGO,22.66651,-3.98524,25,Local civilian authorities,35350.19,,,
TIM20_016,qip,2020-03-01,,Public services & civil administration,Infrastructure & equipment,Local NGO,22.66651,-3.98524,1500,Rural communities,35029.05,,,
TIM20_017,qip,2020-10-05,,Public services & civil administration,Infrastructure & equipment,Local NGO,16.94944,-1.74806,2050,Rural communities,33247.16,,,
TIM20_018,qip,2020-03-01,,Public services & civil administration,Infrastructure & equipment,Local NGO,16.9489,-1.7506,1620,Rural communities,33246.26,,,
TIM20_019,qip,2020-09-25,,Confidence building in mission,"Sensitization, advocacy & outreach",Mission component,16.83486,-2.5319,60226,Local civil society,31539.79,,,
TIM20_020,qip,2020-03-01,10.01.21,Confidence building in mission,"Sensitization, advocacy & outreach",Mission component,,,17000,Local civil society,34920,,,
TIM20_021,qip,2020-06-11,,Public services & civil administration,Infrastructure & equipment,Local NGO,16.6942,-2.7669,931,Local civil society,30822.98,,,
TIM20_022,qip,2020-10-05,,Confidence building in mission,Sport & cultural events,Local government,16.77348,-3.00742,24000,Local civil society,39072.82,,,
BKO20_001,qip,2020-06-25,14.01.21,Public services & civil administration,Infrastructure & equipment,Community-based organisation,12.52888,-7.82169,65,Rural communities,15969.82,,,
BKO20_002,qip,2020-09-25,,Confidence building in mission,"Sensitization, advocacy & outreach",Community-based organisation,,,46,Local civil society,36685.33,,,
BKO20_003,qip,2020-08-25,,Confidence building in mission,"Sensitization, advocacy & outreach",Community-based organisation,13.44032,-6.25947,22,Local civil society,34984.55,,,
BKO20_004,qip,2020-08-25,,Confidence building in mission,"Sensitization, advocacy & outreach",Community-based organisation,,,22,Local civil society,34984.55,,,
BKO20_005,qip,2020-03-01,,Public services & civil administration,Infrastructure & equipment,Local government,12.65,-8,42,Local civil society,31171.09,,,
MEN20_002,qip,2020-07-23,,Public services & civil administration,Infrastructure & equipment,Local government,15.9182,2.4022,20,Security forces,26466.29,,,
MEN20_003,qip,2020-09-09,,Public services & civil administration,Infrastructure & equipment,Local government,15.9182,2.4022,11242,Rural communities,32208.85,,,
MEN20_004,qip,2020-07-21,,Rule of Law,Infrastructure & equipment,Local NGO,15.9182,2.4022,120,Local civil society,12304.74,,,
GAO20_026,qip,2020-10-12,,Protection of civilians & conflict prevention,"Sensitization, advocacy & outreach",Local government,16.27167,-0.04472,,Local civilian authorities,33718.96,,,
GAO20_027,qip,2020-09-16,,Protection of civilians & conflict prevention,"Sensitization, advocacy & outreach",Local NGO,16.27167,-0.04472,6088,Local civilian authorities,29110.84,,,
MOP21_001,qip,2020-10-01,,Public services & civil administration,Infrastructure & equipment,Local government,14.008889,-4.202222,10,Security forces,38552.54,,,
MOP21_002,qip,2020-09-08,,Public services & civil administration,Infrastructure & equipment,Community-based organisation,13.386253,-3.826358,950,Rural communities,36455.81,,,
MOP21_003,qip,2020-10-27,,Political & economic inclusivity,"Sensitization, advocacy & outreach",Local government,14.45835,-4.914733,107,Urban populations,37169.22,,,
MOP21_004,qip,2020-08-26,,Public services & civil administration,Infrastructure & equipment,Local NGO,,,14375,Rural communities,24562.47,,,
MOP21_005,qip,2020-09-02,,Public services & civil administration,Infrastructure & equipment,Community-based organisation,14.545075,-4.089325,92873,Urban populations,36060.94,,,
MOP21_006,qip,2020-10-01,,Protection of civilians & conflict prevention,Infrastructure & equipment,Local NGO,14.1403,-3.61839,2000,Rural communities,41343.23,,,
MOP21_007,qip,2021-01-01,,Public services & civil administration,Infrastructure & equipment,Local NGO,14.35005,-3.61038,3500,Youth (18-29),39054.82,,,
MOP21_008,qip,2020-10-01,,Public services & civil administration,Infrastructure & equipment,Local government,14.064444,-3.08,162,Security forces,33762.04,,,
MOP21_009,qip,2020-09-14,,Public services & civil administration,Infrastructure & equipment,Community-based organisation,14.6266,-3.51529,7031,Rural communities,29298.94,,,
MOP21_010,qip,2020-10-01,,Public services & civil administration,Infrastructure & equipment,Local government,14.069845,-3.080698,37,Local civilian authorities,39150.98,,,
MOP21_011,qip,2020-10-01,,Public services & civil administration,Infrastructure & equipment,Community-based organisation,13.347406,-4.476061,1015,Urban populations,35901.75,,,
MOP21_012,qip,2020-10-01,,Protection of civilians & conflict prevention,"Sensitization, advocacy & outreach",Local government,14.77995,-4.09297,2000,Local civil society,37740.31,,,
GAO21_001,qip,2020-09-17,,Public services & civil administration,Infrastructure & equipment,Community-based organisation,16.866667,-0.316667,34,Local civilian authorities,18491.4,,,
GAO21_002,qip,2020-10-01,,Public services & civil administration,Infrastructure & equipment,Community-based organisation,15.323806,0.746978,518,Children (0-17),37164.44,,,
GAO21_003,qip,2020-09-15,,Protection of civilians & conflict prevention,"Sensitization, advocacy & outreach",Local NGO,16.271669,0.044719,610000,Rural communities,34889.16,,,
GAO21_004,qip,2020-09-14,,Protection of civilians & conflict prevention,"Sensitization, advocacy & outreach",Local NGO,,,6088,Rural communities,30121.12,,,
GAO21_005,qip,2020-10-01,,Protection of civilians & conflict prevention,Infrastructure & equipment,Community-based organisation,,,492,Rural communities,31410.16,,,
GAO21_006,qip,2020-10-01,,Public services & civil administration,Infrastructure & equipment,Community-based organisation,15.660556,0.499472,32709,Urban populations,40058.44,,,
GAO21_007,qip,2020-10-01,,Protection of civilians & conflict prevention,"Sensitization, advocacy & outreach",Local NGO,,,100000,Rural communities,37618.59,,,
GAO21_008,qip,2020-10-01,,Protection of civilians & conflict prevention,"Sensitization, advocacy & outreach",Local NGO,,,7500,Children (0-17),35569.59,,,
GAO21_009,qip,2021-01-08,,Public services & civil administration,Infrastructure & equipment,Local government,15.720998,0.471574,43,Urban populations,23702.55,,,
KID21_001,qip,2020-10-01,,Public services & civil administration,Training/workshops,Community-based organisation,18.436944,-1.405,25,Youth (18-29),22610.56,,,
TIM21_001,qip,2020-10-01,,Public services & civil administration,Infrastructure & equipment,Community-based organisation,16.569025,-4.61885,25,Youth (18-29),34661.01,,,
TIM21_002,qip,2020-10-01,,Protection of civilians & conflict prevention,"Sensitization, advocacy & outreach",Local government,16.27,0.018611,24000,Urban populations,34415.94,,,
TIM21_003,qip,2021-01-08,,Protection of civilians & conflict prevention,"Sensitization, advocacy & outreach",Community-based organisation,16.766589,-3.002561,20,Local civil society,40080.23,,,
BKO21_001,qip,2020-09-11,,Protection of civilians & conflict prevention,Infrastructure & equipment,Local government,12.548614,7.828844,72,Local civilian authorities,33587.81,,,
GAO19_012,qip,2019-06-07,,Confidence building in mission,"Sensitization, advocacy & outreach",Community-based organisation,16.266101,-0.048573,62280,Rural communities,39297.64,,,
GAO19_013,qip,2019-04-15,,Public services & civil administration,Infrastructure & equipment,Local NGO,15.520893,-0.155225,4200,Rural communities,43513.07,,,
Bko19_001,qip,2018-07-25,13.01.21,Political & economic inclusivity,"Sensitization, advocacy & outreach",Local NGO,12.618622,-7.978283,1634,Local civilian authorities,32431.75,,,
Bko19_002,qip,2018-11-28,,Political & economic inclusivity,Training/workshops,Local NGO,12.618622,-7.978283,1634,Local civil society,31769.88,,,
Bko19_003,qip,2018-11-13,22.06.19,Public services & civil administration,Infrastructure & equipment,Local government,12.653327,-8.000574,1000,Security forces,37108.28,,,
Bko19_004,qip,2018-06-12,09.08.19,Confidence building in mission,Training/workshops,Mission component,12.660982,-7.942214,70,Youth (18-29),43352.08,,,
Bko19_005,qip,2019-02-05,28.03.19,Public services & civil administration,Training/workshops,Local government,12.660982,-7.942214,73,Local civilian authorities,23383.09,,,
Bko19_006,qip,2019-01-30,20.05.19,Other,Sport & cultural events,UNCT,12.660982,-7.942214,80,Children (0-17),35867.63,,,
Bko19_007,qip,2019-03-29,17.09.19,Other,Sport & cultural events,UNCT,12.660982,-7.942214,950,Urban populations,47931.88,,,
Bko19_008,qip,2019-07-04,,Political & economic inclusivity,Sport & cultural events,UNCT,12.660982,-7.942214,1100,Urban populations,35308.36,,,
Bko19_010,qip,2019-07-04,,Public services & civil administration,Infrastructure & equipment,Local government,12.660982,-7.942214,100,Security forces,13226.4,,,
Bko19_011,qip,2019-07-02,,Early recovery,Training/workshops,Community-based organisation,12.660982,-7.942214,60,Local civil society,34869.38,,,
Bko19_012,qip,2019-07-04,,Early recovery,Infrastructure & equipment,Community-based organisation,12.660982,-7.942214,60,Local civil society,34502.71,,,
MOP19_001,qip,2018-08-27,08.12.20,Confidence building in mission,Other,Community-based organisation,14.529475,-4.091432,1049,Local civil society,47871.76,,,
MOP19_002,qip,2019-06-03,,Public services & civil administration,Infrastructure & equipment,Local government,14.529475,-4.091432,30,Security forces,31972.38,,,
MOP19_003,qip,2019-05-14,,Public services & civil administration,Infrastructure & equipment,Local government,14.529475,-4.091432,10,Security forces,36470.68,,,
MOP19_004,qip,2019-03-27,10.09.19,Early recovery,Infrastructure & equipment,Local government,14.529475,-4.091432,2458,Urban populations,42037.95,,,
MOP19_005,qip,2019-05-14,,Rule of Law,Infrastructure & equipment,Local government,14.529475,-4.091432,27,Urban populations,33925.24,,,
MOP19_006,qip,2019-07-06,,Early recovery,Training/workshops,Community-based organisation,14.529475,-4.091432,150,Local civil society,33845.45,,,
MOP19_007,qip,2019-05-14,,Political & economic inclusivity,Infrastructure & equipment,Local government,14.529475,-4.091432,420,Local civil society,23770.54,,,
MOP19_008,qip,2019-05-14,,Political & economic inclusivity,Infrastructure & equipment,Local government,14.529475,-4.091432,450,Local civil society,23770.54,,,
MOP19_009,qip,2019-05-24,,Public services & civil administration,Training/workshops,Local government,14.529475,-4.091432,450,Local civil society,23770.54,,,
MOP19_010,qip,2019-05-14,08.09.20,Public services & civil administration,Training/workshops,Local government,14.529475,-4.091432,430,Local civil society,29713.17,,,
MOP19_011,qip,2019-05-24,28.10.20,Confidence building in mission,Infrastructure & equipment,Local government,14.529475,-4.091432,140,Security forces,46851.95,,,
MOP19_012,qip,2019-06-29,26.10.20,Public services & civil administration,Infrastructure & equipment,Local government,14.529475,-4.091432,20,Local civilian authorities,35787.62,,,
MOP19_013,qip,2019-06-29,08.09.20,Public services & civil administration,Infrastructure & equipment,Local government,14.529475,-4.091432,316,Rural communities,42383.65,,,
MOP19_014,qip,2019-07-01,,Rule of Law,Infrastructure & equipment,Local government,14.529475,-4.091432,27,Local civilian authorities,33624.66,,,
MOP19_015,qip,2017-07-01,20.10.20,Public services & civil administration,"Sensitization, advocacy & outreach",International NGO,14.529475,-4.091432,117,Local civil society,45242.32,,,
MOP19_016,qip,2019-06-26,,Public services & civil administration,Infrastructure & equipment,Local government,14.529475,-4.091432,1300,Local civil society,33899.99,,,
MOP19_017,qip,2019-06-26,13.11.20,Public services & civil administration,Infrastructure & equipment,Local government,14.529475,-4.091432,2000,Local civil society,42374.99,,,
MOP19_018,qip,2019-06-28,07.10.20,Public services & civil administration,Infrastructure & equipment,Local government,14.529475,-4.091432,3150,Local civilian authorities,33734.96,,,
MOP19_019,qip,2019-06-24,,Political & economic inclusivity,Other,Community-based organisation,14.529475,-4.091432,25,Local civil society,34925.45,,,
MOP19_020,qip,2019-06-20,22.12.20,Public services & civil administration,Infrastructure & equipment,Local government,14.529475,-4.091432,1014,Local civil society,40747.66,,,
MOP19_021,qip,2019-06-20,29.09.20,Public services & civil administration,Infrastructure & equipment,Local government,14.529475,-4.091432,3500,Local civil society,41374.87,,,
MOP19_022,qip,2019-06-20,29.09.20,Public services & civil administration,Infrastructure & equipment,Local government,14.529475,-4.091432,4330,Local civil society,34158.43,,,
MOP19_023,qip,2019-06-20,29.09.20,Public services & civil administration,Infrastructure & equipment,Local government,14.529475,-4.091432,4330,Local civil society,34158.43,,,
MOP19_024,qip,2019-06-24,,Public services & civil administration,Infrastructure & equipment,Community-based organisation,14.529475,-4.091432,500,Local civil society,44797.44,,,
GAO19_003,qip,2018-10-12,,Public services & civil administration,Infrastructure & equipment,Local government,16.251412,-0.022079,6,Urban populations,38769.18,,,
GAO19_004,qip,2018-10-30,22.05.19,Early recovery,Infrastructure & equipment,Community-based organisation,16.95464,-0.351749,157,Urban populations,39207.67,,,
GAO19_005,qip,2018-10-30,31.01.21,Early recovery,Infrastructure & equipment,Community-based organisation,16.251412,-0.022079,50,Women,34152.04,,,
GAO19_007,qip,2018-10-12,,Public services & civil administration,Infrastructure & equipment,Community-based organisation,16.251412,-0.022079,324,Other,33091.03,,,
GAO19_006,qip,2018-10-30,,Public services & civil administration,Infrastructure & equipment,Community-based organisation,16.251412,-0.022079,50,Children (0-17),37258.05,,,
GAO19_009,qip,2018-10-12,,Public services & civil administration,Sport & cultural events,Local NGO,15.322005,0.740699,518,Children (0-17),34307.06,,,
GAO19_008,qip,2018-10-12,06.05.19,Public services & civil administration,Infrastructure & equipment,Local NGO,16.176822,0.064375,672,Local civil society,36047.14,,,
GAO19_010,qip,2018-10-12,28.10.19,Public services & civil administration,Infrastructure & equipment,Local NGO,16.251412,-0.022079,302,Children (0-17),43450.06,,,
GAO19_011,qip,2018-12-17,02.01.20,Public services & civil administration,Infrastructure & equipment,Local government,16.26533,-0.026517,22,Local civil society,31572.34,,,
GAO19_014,qip,2019-03-18,24.10.19,Early recovery,Infrastructure & equipment,Community-based organisation,16.26533,-0.026517,100,Local civil society,32517.01,,,
GAO19_015,qip,2019-05-22,,Public services & civil administration,Infrastructure & equipment,Local NGO,16.26533,-0.026517,11844,Rural communities,26799.49,,,
GAO19_016,qip,2019-06-25,,Early recovery,Infrastructure & equipment,Community-based organisation,16.26533,-0.026517,4200,Rural communities,32405.32,,,
GAO19_017,qip,2019-06-26,,Public services & civil administration,Infrastructure & equipment,Community-based organisation,16.26533,-0.026517,665,Local civil society,45013.66,,,
GAO19_018,qip,2019-06-27,,Public services & civil administration,Infrastructure & equipment,Local NGO,16.26533,-0.026517,43,Rural communities,47469.44,,,
GAO19_019,qip,2019-06-28,14.10.20,Early recovery,Training/workshops,Community-based organisation,16.26533,-0.026517,85,Local civil society,44783.21,,,
GAO19_020,qip,2019-06-29,06.12.19,Public services & civil administration,Infrastructure & equipment,Local NGO,16.26533,-0.026517,87,Local civil society,43986.23,,,
GAO19_021,qip,2019-06-30,26.09.19,Protection of civilians & conflict prevention,Training/workshops,Community-based organisation,16.26533,-0.026517,250,Customary authorities,40416.8,,,
KID19_001,qip,2019-01-11,25.06.19,Early recovery,Other,Community-based organisation,18.446751,1.408975,59,Youth (18-29),25069.69,,,
KID19_002,qip,2018-07-24,30.04.19,Early recovery,Other,Local NGO,18.044107,0.604008,2500,Women,19745.16,,,
KID19_003,qip,2018-07-31,03.04.19,Early recovery,Other,Community-based organisation,19.465741,0.856137,2622,Women,22802.3,,,
KID19_004,qip,2019-05-27,,Early recovery,Infrastructure & equipment,Local NGO,19.465741,0.856137,2622,Youth (18-29),29721.38,,,
KID19_005,qip,2019-02-26,22.08.19,Public services & civil administration,Infrastructure & equipment,Community-based organisation,20.257928,0.991015,3000,Rural communities,24332.15,,,
KID19_006,qip,2019-03-07,09.12.19,Public services & civil administration,Infrastructure & equipment,International NGO,18.446751,1.408975,7673,Women,23340.48,,,
KID19_007,qip,2018-07-10,,Public services & civil administration,Infrastructure & equipment,Local NGO,18.446751,1.408975,5779,Women,27105.66,,,
KID19_008,qip,2019-02-07,,Public services & civil administration,Infrastructure & equipment,Community-based organisation,18.446751,1.408975,1657,Rural communities,21488.75,,,
KID19_009,qip,2019-01-30,22.08.19,Early recovery,Other,Local NGO,18.446751,1.408975,50,Women,12557.31,,,
KID19_10,qip,2019-02-06,,Early recovery,Training/workshops,Local NGO,18.25404,1.24109,40,Youth (18-29),21938.12,,,
KID19_11,qip,2019-02-04,21.05.19,Public services & civil administration,Infrastructure & equipment,Local NGO,18.25404,1.2411,300,Rural communities,17783.22,,,
KID19_12,qip,2019-02-04,25.06.19,Public services & civil administration,Infrastructure & equipment,Local NGO,18.25404,1.24111,20,Local civilian authorities,22138.8,,,
KID19_13,qip,2019-02-02,25.05.19,Public services & civil administration,Infrastructure & equipment,Local NGO,18.25404,1.24112,500,Rural communities,17830.92,,,
KID19_014,qip,2019-01-30,20.08.19,Public services & civil administration,Infrastructure & equipment,Local NGO,18.25404,1.24113,1200,Rural communities,19607.41,,,
KID19_015,qip,2019-02-06,23.05.19,Public services & civil administration,Infrastructure & equipment,Local NGO,18.25404,1.24114,700,Rural communities,20012.78,,,
KID19_016,qip,2019-01-30,25.07.19,Public services & civil administration,Infrastructure & equipment,Local NGO,18.25404,1.24115,3000,Rural communities,20754.42,,,
KID19_017,qip,2019-03-07,17.08.19,Early recovery,Training/workshops,Local NGO,18.25404,1.24116,36,Women,11165.85,,,
KID19_018,qip,2019-05-06,18.09.19,Confidence building in mission,Other,Local NGO,18.25404,1.24117,2500,Rural communities,26917.4,,,
KID19_019,qip,2019-05-06,,Political & economic inclusivity,Training/workshops,Local NGO,18.25404,1.24118,25,Local civil society,9050.75,,,
KID19_020,qip,2019-05-06,18.09.19,Public services & civil administration,Infrastructure & equipment,Local NGO,18.25404,1.24119,600,Rural communities,20412.46,,,
KID19_021,qip,2019-06-04,,Public services & civil administration,Infrastructure & equipment,Local NGO,18.25404,1.2412,700,Rural communities,20802.47,,,
KID19_022,qip,2019-05-30,,Public services & civil administration,Infrastructure & equipment,Local NGO,18.25404,1.24121,300,Rural communities,20920.59,,,
KID19_023,qip,2019-05-31,21.11.19,Public services & civil administration,Infrastructure & equipment,Local government,18.25404,1.24122,20,Local civilian authorities,32827.73,,,
KID19_024,qip,2019-06-11,27.08.20,Public services & civil administration,Other,International NGO,18.25404,1.24123,500,Children (0-17),8282.77,,,
KID19_025,qip,2019-06-06,,Early recovery,Infrastructure & equipment,Local NGO,18.25404,1.24124,950,Local civil society,33498.26,,,
TIM19_001,qip,2018-09-20,17.05.19,Early recovery,Infrastructure & equipment,Community-based organisation,16.884114,-1.918594,70,Women,24435.54,,,
TIM19_002,qip,2018-09-20,17.05.19,Early recovery,Infrastructure & equipment,Community-based organisation,16.264708,-3.391463,103,Youth (18-29),25310.83,,,
TIM19_003,qip,2019-01-11,28.10.19,Public services & civil administration,Infrastructure & equipment,Local NGO,16.468102,-4.169032,10216,IDPs,41343.6,,,
TIM19_004,qip,2019-03-29,07.02.20,Public services & civil administration,Infrastructure & equipment,Local NGO,16.778371,-3.137934,1500,Local civil society,39786.37,,,
TIM19_005,qip,2019-02-06,,Public services & civil administration,Infrastructure & equipment,Local NGO,16.777251,-3.00635,100,Local civil society,38601.9,,,
TIM19_006,qip,2019-07-01,09.12.19,Confidence building in mission,Other,Mission component,16.777251,-3.00635,17000,Other,44494.09,,,
TIM19_007,qip,2019-01-21,28.10.19,Public services & civil administration,Infrastructure & equipment,International NGO,16.777251,-3.00635,9217,Local civil society,40214.65,,,
TIM19_008,qip,2019-01-21,28.10.19,Public services & civil administration,Infrastructure & equipment,International NGO,16.777251,-3.00635,5000,Local civil society,40470.87,,,
TIM19_009,qip,2019-01-21,31.12.19,Public services & civil administration,Infrastructure & equipment,International NGO,16.777251,-3.00635,3824,Local civil society,31359.56,,,
TIM19_010,qip,2019-01-21,28.10.19,Public services & civil administration,Infrastructure & equipment,International NGO,16.777251,-3.00635,9425,Local civil society,40758.43,,,
TIM19_011,qip,2019-01-21,27.11.19,Public services & civil administration,Infrastructure & equipment,Local NGO,16.777251,-3.00635,800,Local civil society,38355.77,,,
TIM19_012,qip,2019-01-21,12.12.19,Public services & civil administration,Infrastructure & equipment,Local NGO,16.777251,-3.00635,2300,Local civil society,40855.89,,,
TIM19_013,qip,2019-02-26,21.11.19,Early recovery,Other,Community-based organisation,16.777251,-3.00635,1500,Rural communities,46691.23,,,
TIM19_014,qip,2019-02-26,21.11.19,Early recovery,Other,Community-based organisation,16.777251,-3.00635,1500,Rural communities,46691.23,,,
TIM19_015,qip,2019-03-11,07.04.19,Early recovery,Other,Community-based organisation,16.777251,-3.00635,180,Rural communities,45305.12,,,
TIM19_016,qip,2019-03-07,08.06.19,Protection of civilians & conflict prevention,Infrastructure & equipment,Local NGO,16.777251,-3.00635,13490,Children (0-17),47132.11,,,
TIM19_017,qip,2019-05-25,21.11.19,Early recovery,Other,Local NGO,16.777251,-3.00635,1500,Rural communities,46266.94,,,
TIM19_018,qip,2019-05-27,31.12.19,Public services & civil administration,Infrastructure & equipment,Local NGO,16.777251,-3.00635,10250,Local civil society,41527.77,,,
TIM19_019,qip,2019-06-30,,Political & economic inclusivity,Infrastructure & equipment,Community-based organisation,16.777251,-3.00635,10,Local civil society,27506.01,,,
TIM19_021,qip,2019-06-30,28.10.19,Political & economic inclusivity,Infrastructure & equipment,Community-based organisation,16.777251,-3.00635,25,Local civil society,8478.46,,,
TIM19_022,qip,2019-06-30,,Early recovery,Infrastructure & equipment,Community-based organisation,16.777251,-3.00635,100,Local civil society,17804.76,,,
TIM19_023,qip,2019-06-25,27.11.19,Public services & civil administration,Infrastructure & equipment,Local NGO,16.777251,-3.00635,720,Local civil society,28542.62,,,
MEN19_001,qip,2019-05-25,,Public services & civil administration,Infrastructure & equipment,Local government,15.917094,2.400657,2000,Local civil society,26916.83,,,
MEN19_002,qip,2019-04-17,,Public services & civil administration,Infrastructure & equipment,Local government,15.917094,2.400657,20100,Local civil society,26916.83,,,
MEN19_003,qip,2019-05-03,,Public services & civil administration,Infrastructure & equipment,Local government,15.917094,2.400657,2020,Local civil society,26916.83,,,
MEN19_004,qip,2019-05-03,,Public services & civil administration,Infrastructure & equipment,Local government,15.917094,2.400657,3000,Local civil society,32831.69,,,
MOP18_001,qip,2017-07-25,23.10.18,Public services & civil administration,Infrastructure & equipment,Local government,14.4437,-4.0122,100,Local civilian authorities,40075.58,,,
MOP18_002,qip,2017-08-18,07.12.18,Public services & civil administration,Infrastructure & equipment,Local government,14.4437,-4.0122,16840,Rural communities,45218.28,,,
MOP18_003,qip,2017-08-11,27.02.19,Public services & civil administration,Training/workshops,Local government,14.317017,-4.063904,1170,Local civilian authorities,36756.29,,,
MOP18_004,qip,2017-11-13,04.02.19,Public services & civil administration,Infrastructure & equipment,Local government,14.5003,-3.16222,811,Children (0-17),48791.03,,,
MOP18_005,qip,2018-01-25,07.06.18,Protection of civilians & conflict prevention,Training/workshops,Local government,14.9525,-3.9271,304,Local civilian authorities,32105.04,,,
MOP18_006,qip,2018-02-27,07.02.19,Public services & civil administration,Infrastructure & equipment,Local government,14.9525,-3.9271,698,Children (0-17),42240.38,,,
MOP18_007,qip,2018-03-07,02.02.19,Public services & civil administration,Infrastructure & equipment,Local government,14.13704,-2.58669,774,Children (0-17),40709.41,,,
MOP18_008,qip,2018-03-12,02.02.19,Public services & civil administration,Infrastructure & equipment,Local government,14.0754,-3.2332,534,Children (0-17),41737.71,,,
MOP18_009,qip,2018-03-12,,Public services & civil administration,Infrastructure & equipment,Local government,14.0103,-4.1352,15,Security forces,49186.36,,,
MOP18_010,qip,2018-06-19,,Public services & civil administration,Infrastructure & equipment,Local government,14.515877,-4.097578,27,Local civilian authorities,46033.38,,,
MOP18_011,qip,2018-06-20,26.04.19,Public services & civil administration,Infrastructure & equipment,Local government,14.515877,-4.097578,1490,Children (0-17),44446.85,,,
MOP18_012,qip,2018-06-19,,Public services & civil administration,Infrastructure & equipment,Local government,15.286373,-1.703668,,Security forces,40589.15,,,
MOP18_013,qip,2018-06-19,27.08.19,Public services & civil administration,Infrastructure & equipment,Local government,15.00154,-2.57172,30,Security forces,46784.67,,,
MOP18_014,qip,2018-06-19,06.02.19,Confidence building in mission,Infrastructure & equipment,Community-based organisation,14.3045,-4.0545,,Women,46572.62,,,
MOP18_015,qip,2018-06-06,15.10.18,Public services & civil administration,Infrastructure & equipment,Local government,14.13,-4.23,,Security forces,22272.25,,,
MOP18_016,qip,2018-06-18,17.01.19,Public services & civil administration,Infrastructure & equipment,Local government,13.51,-4.18,892,Children (0-17),45409.15,,,
MOP18_017,qip,2018-06-21,08.02.19,Public services & civil administration,Infrastructure & equipment,Local government,14.54,-4.9,1843,Rural communities,40623.69,,,
MOP18_018,qip,2018-06-18,03.04.19,Public services & civil administration,Infrastructure & equipment,Local government,14.049,-4.018,721,Children (0-17),35423.94,,,
MOP18_019,qip,2018-06-19,,Public services & civil administration,Infrastructure & equipment,International NGO,13.543549,-4.33446,100,Rural communities,47345.04,,,
MOP18_020,qip,2018-06-20,07.10.19,Public services & civil administration,Infrastructure & equipment,Local government,14.13,-4.23,32,Local civilian authorities,46785,,,
MOP18_021,qip,2018-06-08,17.09.19,Public services & civil administration,Infrastructure & equipment,Local government,14.13,-4.23,613,Children (0-17),47014.4,,,
MOP18_022,qip,2018-06-20,17.09.19,Public services & civil administration,Infrastructure & equipment,Local government,13.51,-4.18,3640,Rural communities,46159.76,,,
MOP18_024,qip,2018-06-20,08.10.19,Public services & civil administration,Infrastructure & equipment,Local government,14.3927,-6.0024,787,Children (0-17),46508.47,,,
MOP18_025,qip,2018-06-20,08.10.19,Public services & civil administration,Infrastructure & equipment,Local government,14.5464,-4.9063,0,Rural communities,45833.87,,,
MOP18_026,qip,2018-06-01,03.04.19,Public services & civil administration,Infrastructure & equipment,Local government,14.5464,-4.9063,1765,Children (0-17),44399.88,,,
MOP18_027,qip,2018-06-18,08.02.19,Public services & civil administration,Infrastructure & equipment,Local government,14.49,-4.18,768,Children (0-17),35750.05,,,
MOP18_028,qip,2018-09-04,07.03.19,Protection of civilians & conflict prevention,Training/workshops,Local government,15.38099,-3.033191,220,Local civilian authorities,37005.79,,,
MOP18_029,qip,2018-06-01,21.01.19,Public services & civil administration,Infrastructure & equipment,Local government,15.38099,-3.033191,1650,Local civilian authorities,38855.89,,,
GAO18_001,qip,2018-01-04,17.09.19,Confidence building in mission,Infrastructure & equipment,Local NGO,15.5622,1.291,360,Rural communities,50000,,,
GAO18_003,qip,2017-12-21,01.06.19,Public services & civil administration,Training/workshops,Local government,16.15663,0.024506,980,Local civilian authorities,50000,,,
GAO18_005,qip,2018-06-22,31.07.19,Public services & civil administration,Infrastructure & equipment,Local government,16.288512,0.24103,520,Women,37352.57,,,
GAO18_007,qip,2018-08-09,01.06.19,Confidence building in mission,Sport & cultural events,Mission component,16.263932,-0.027697,7500,Children (0-17),46308.23,,,
GAO18_008,qip,2018-08-29,01.05.19,Public services & civil administration,Infrastructure & equipment,Local government,16.14457,0.02747,586,Children (0-17),46340.27,,,
GAO18_009,qip,2018-06-19,01.03.19,Confidence building in mission,"Sensitization, advocacy & outreach",Mission component,16.14457,0.02747,100000,Rural communities,47362.69,,,
GAO18_010,qip,2018-06-22,30.06.19,Confidence building in mission,Infrastructure & equipment,Community-based organisation,19.5715,0.2056,46,Youth (18-29),46289.26,,,
GAO18_011,qip,2019-06-17,03.07.19,Public services & civil administration,Infrastructure & equipment,Local government,19.5715,0.2056,2150,Children (0-17),43578.33,,,
GAO18_012,qip,2018-06-12,04.03.19,Public services & civil administration,Infrastructure & equipment,Local government,16.263932,-0.027697,42,Children (0-17),43578.33,,,
GAO18_016,qip,2019-06-07,19.06.18,Political & economic inclusivity,Training/workshops,Community-based organisation,16.1618,0.024,2500,Women,44925.29,,,
GAO18_018,qip,2018-08-29,22.07.19,Public services & civil administration,Infrastructure & equipment,Local government,16.1917,0.01398,15,Local civilian authorities,44646.64,,,
GAO18_021,qip,2018-09-06,,Confidence building in mission,Infrastructure & equipment,Community-based organisation,16.1917,0.01398,570,Rural communities,45989.84,,,
GAO18_023,qip,2018-07-16,,Confidence building in mission,Infrastructure & equipment,Community-based organisation,16.1917,0.01398,44,Women,42628.67,,,
KID18_001,qip,2017-09-07,04.06.18,Public services & civil administration,Infrastructure & equipment,Local government,19.464204,0.850785,3000,Rural communities,34188.71,,,
KID18_002,qip,2018-01-12,23.10.18,Public services & civil administration,Infrastructure & equipment,Local NGO,19.035827,0.59375,2000,Rural communities,27726.55,,,
KID18_003,qip,2018-02-06,06.11.18,Confidence building in mission,Infrastructure & equipment,Community-based organisation,18.26674,1.24182,260,Women,30930.31,,,
KID18_004,qip,2018-06-08,19.06.18,Public services & civil administration,Infrastructure & equipment,Local NGO,18.934,1.2355,600,Rural communities,25830.84,,,
KID18_005,qip,2018-04-24,04.03.19,Confidence building in mission,Other,Community-based organisation,18.0628,1.394204,45,Women,25474.14,,,
KID18_006,qip,2018-05-24,12.02.19,Confidence building in mission,Training/workshops,Community-based organisation,18.262411,1.244803,40,Women,27989.78,,,
KID18_007,qip,2018-06-04,05.02.19,Confidence building in mission,Training/workshops,Community-based organisation,18.2651,1.2408,70,Women,26385.43,,,
KID18_008,qip,2018-06-19,08.01.19,Public services & civil administration,Infrastructure & equipment,Local NGO,18.5009,1.4858,6000,Rural communities,31326.35,,,
KID18_009,qip,2018-06-01,08.01.19,Public services & civil administration,Infrastructure & equipment,Local NGO,18.46385,1.33073,300,Rural communities,26280.26,,,
KID18_010,qip,2018-06-04,20.02.19,Public services & civil administration,Infrastructure & equipment,Local NGO,19.17999,1.08524,2000,Rural communities,25740.96,,,
KID18_011,qip,2018-06-20,17.04.19,Confidence building in mission,Training/workshops,Community-based organisation,19.275573,0.512335,40,Women,23414.76,,,
KID18_012,qip,2018-06-04,22.10.18,Protection of civilians & conflict prevention,Training/workshops,Community-based organisation,20.201153,1.2262,400,Rural communities,46019.78,,,
KID18_014,qip,2018-06-05,21.09.18,Public services & civil administration,Infrastructure & equipment,Local NGO,18.0279,1.3652,200,Children (0-17),10058.14,,,
KID18_016,qip,2018-08-09,06.05.19,Confidence building in mission,Infrastructure & equipment,Local NGO,18.02562,0.36298,374,Women,16837.21,,,
KID18_018,qip,2018-06-20,06.03.19,Confidence building in mission,Training/workshops,Community-based organisation,18.262502,0.245759,90,Women,23392.29,,,
KID18_019,qip,2018-07-02,30.05.19,Confidence building in mission,Training/workshops,Community-based organisation,18.264856,1.25974,25,Youth (18-29),29211.64,,,
KID18_024,qip,2018-07-17,15.02.19,Confidence building in mission,Training/workshops,Community-based organisation,20.201153,1.2262,36,Women,22689.77,,,
TIM18_001,qip,2017-10-19,24.05.18,Public services & civil administration,Infrastructure & equipment,Local government,22.403509,-3.584409,22,Local civilian authorities,11949.63,,,
TIM18_002,qip,2017-10-27,15.05.18,Public services & civil administration,Infrastructure & equipment,Local government,18.541791,-3.313234,28,Local civilian authorities,11949.63,,,
TIM18_003,qip,2017-10-19,19.01.18,Confidence building in mission,"Sensitization, advocacy & outreach",Mission component,16.266174,3.404419,1000,Rural communities,49788.34,,,
TIM18_004,qip,2017-10-20,31.01.18,Confidence building in mission,"Sensitization, advocacy & outreach",Local government,16.266174,3.404419,14048,Rural communities,40641.34,,,
TIM18_005,qip,2017-07-10,03.04.18,Public services & civil administration,Infrastructure & equipment,Local government,16.441876,3.43555,285,Rural communities,21667.67,,,
TIM18_006,qip,2018-05-23,12.06.19,Public services & civil administration,Infrastructure & equipment,Community-based organisation,16.463115,3.02975,26,Rural communities,21777.1,,,
TIM18_007,qip,2018-02-16,22.02.19,Public services & civil administration,Infrastructure & equipment,Local government,16.340864,3.442104,3951,Rural communities,29828.28,,,
TIM18_008,qip,2018-02-23,27.07.19,Rule of Law,Infrastructure & equipment,Local government,15.554877,-3.594379,56,Other,46687.26,,,
TIM18_009,qip,2018-02-15,18.03.19,Public services & civil administration,Infrastructure & equipment,Local government,16.460872,3.004799,1470,Children (0-17),29902.21,,,